用户ID,总消费金额,价值等级
1,77126,高
2,60247,中
3,43898,中
4,56664,中
5,32189,低
6,39280,低
7,69634,中
8,24160,低
9,162924,高
10,64198,中
11,90553,高
12,90244,高
13,49826,中
14,59521,中
16,65137,中
17,39506,低
18,7685,低
19,50033,中
20,65611,中
21,86993,高
22,190519,高
23,80168,高
24,119232,高
25,24080,低
26,78023,高
27,57070,中
28,66792,中
29,33295,低
30,56198,中
31,38306,低
32,70353,中
33,36273,低
34,48925,中
35,67066,中
36,32694,低
37,69004,中
38,50233,中
39,116731,高
40,108774,高
41,105621,高
42,105971,高
43,10347,低
44,39542,低
45,79369,高
46,53258,中
47,40323,低
48,70410,中
49,97611,高
51,40124,低
52,41708,中
53,54606,中
54,37429,低
55,121354,高
56,48647,中
57,17358,低
58,55664,中
59,84760,高
60,25503,低
61,55696,中
62,87708,高
63,128133,高
64,76127,高
65,24321,低
66,79535,高
67,50459,中
68,52863,中
69,12390,低
70,92418,高
71,66461,中
72,32488,低
73,9704,低
74,126866,高
75,113219,高
76,27821,低
77,100167,高
78,54061,中
79,86681,高
80,142186,高
81,90487,高
82,28145,低
83,99724,高
84,23715,低
85,71814,中
86,67076,中
87,46289,中
88,136393,高
89,84459,高
90,8186,低
91,54059,中
92,89522,高
93,52164,中
94,14102,低
95,56672,中
96,133039,高
97,26721,低
98,60064,中
99,77909,高
100,207641,高
101,52309,中
102,16441,低
103,40048,低
104,28746,低
105,19088,低
106,33741,低
107,84682,高
108,56263,中
109,68258,中
110,17844,低
111,11742,低
112,85645,高
113,42863,中
114,205910,高
115,24334,低
116,59412,中
117,63266,中
118,48541,中
119,50383,中
120,9168,低
121,48702,中
122,81329,高
123,56323,中
124,57703,中
125,107908,高
126,125766,高
127,63782,中
128,119044,高
129,72215,中
130,24472,低
131,129150,高
132,53137,中
133,32721,低
134,41242,低
135,27072,低
136,67032,中
137,38804,低
138,109907,高
139,50750,中
140,36792,低
141,119746,高
142,15136,低
143,96226,高
144,71441,中
145,44105,中
146,129785,高
147,125533,高
148,22150,低
149,43211,中
150,54342,中
151,199992,高
152,9782,低
153,73181,中
154,28149,低
155,29581,低
156,41199,低
157,13460,低
158,26307,低
159,64911,中
160,40750,低
161,61866,中
162,57146,中
163,87764,高
164,144008,高
165,256535,高
166,33135,低
167,16659,低
168,99781,高
169,52335,中
170,96983,高
171,122562,高
172,66876,中
173,49993,中
174,61938,中
175,81439,高
176,100438,高
177,108048,高
178,62999,中
179,52517,中
180,49111,中
181,40109,低
182,86837,高
183,34001,低
184,35864,低
185,100667,高
186,59829,中
187,86389,高
188,42866,中
189,62816,中
190,6948,低
191,40636,低
192,86819,高
193,100518,高
194,61583,中
195,24610,低
196,24032,低
197,64898,中
198,56392,中
199,31079,低
200,102459,高
201,9841,低
202,157211,高
203,33076,低
204,157366,高
205,175696,高
206,61809,中
207,57477,中
208,58360,中
209,70016,中
210,40797,低
211,133575,高
212,149488,高
213,62954,中
214,20638,低
215,63766,中
216,119397,高
217,50477,中
218,98391,高
219,22842,低
220,24403,低
221,45074,中
222,84619,高
223,64347,中
224,101211,高
225,103997,高
226,145094,高
227,35446,低
228,41714,中
230,90707,高
231,56323,中
232,57714,中
233,94729,高
234,92399,高
235,55168,中
236,26969,低
237,40618,低
238,8250,低
239,102939,高
240,42234,中
241,67175,中
242,19351,低
243,83237,高
244,19952,低
245,30746,低
246,15574,低
247,47274,中
248,50191,中
249,37613,低
250,60208,中
251,31417,低
252,75911,高
253,67259,中
254,92618,高
255,102467,高
256,71163,中
257,36924,低
258,37333,低
259,76829,高
260,101592,高
261,9665,低
262,44515,中
263,32581,低
264,62008,中
265,38326,低
266,113169,高
267,100342,高
268,37094,低
269,43040,中
270,57787,中
271,70742,中
272,13200,低
273,50072,中
274,61263,中
275,128663,高
276,73809,高
277,41937,中
278,38679,低
279,56504,中
280,21814,低
281,30373,低
282,63457,中
283,52763,中
284,43219,中
285,21577,低
286,63850,中
287,99814,高
288,50437,中
289,75017,高
290,26553,低
291,26800,低
292,149554,高
293,58873,中
294,182621,高
295,24448,低
296,53040,中
297,152843,高
298,130206,高
299,126206,高
300,78648,高
301,95292,高
302,70201,中
303,32668,低
304,17214,低
305,40699,低
306,27800,低
307,89373,高
308,104409,高
309,126996,高
310,124224,高
311,31431,低
312,58755,中
313,33185,低
314,60797,中
315,31885,低
316,87187,高
317,43332,中
318,88657,高
319,24126,低
320,47248,中
321,63903,中
322,37328,低
323,206609,高
324,92877,高
325,76636,高
326,43884,中
327,84692,高
328,71209,中
329,88453,高
330,146954,高
331,145616,高
332,31572,低
333,30986,低
335,40181,低
336,55927,中
337,17168,低
338,35744,低
339,51851,中
340,66587,中
341,42932,中
342,137854,高
343,79926,高
344,57333,中
345,23338,低
346,31202,低
347,102477,高
348,59931,中
349,36531,低
350,41857,中
351,72069,中
352,85830,高
353,28430,低
354,70061,中
355,80516,高
356,105076,高
357,27380,低
358,41885,中
359,94851,高
360,94118,高
361,105377,高
362,47843,中
363,139840,高
364,11500,低
365,20980,低
366,31698,低
367,52260,中
368,163580,高
369,20952,低
370,96287,高
371,40991,低
372,43050,中
373,11910,低
374,77703,高
375,27963,低
376,34045,低
377,86907,高
378,67447,中
379,34641,低
380,91431,高
381,13537,低
382,22461,低
383,38649,低
384,84828,高
385,101471,高
386,30241,低
387,147653,高
388,11955,低
389,21470,低
390,14437,低
391,65210,中
392,43867,中
393,24263,低
394,88966,高
395,17294,低
396,68397,中
397,56467,中
398,101993,高
399,71423,中
400,97935,高
401,190927,高
402,47984,中
403,114574,高
404,70111,中
405,20837,低
406,39422,低
407,32138,低
408,174436,高
409,41987,中
410,53369,中
411,91277,高
412,62339,中
413,43950,中
414,40160,低
415,69468,中
416,27861,低
417,22008,低
418,44193,中
419,83366,高
420,37194,低
421,62426,中
422,42968,中
423,16597,低
424,79455,高
425,48826,中
426,37386,低
427,39111,低
428,20460,低
429,52416,中
430,34332,低
431,28089,低
432,4874,低
433,106661,高
434,43396,中
435,67669,中
436,145807,高
437,29820,低
438,90450,高
439,65070,中
440,38588,低
441,127855,高
442,82607,高
443,79941,高
444,34747,低
445,71626,中
446,107795,高
447,20584,低
448,90892,高
449,80620,高
450,34848,低
451,72909,中
452,44852,中
453,111164,高
454,41323,中
455,45932,中
456,67085,中
457,55970,中
458,10251,低
459,124682,高
460,84862,高
461,65405,中
462,43827,中
463,89365,高
464,99679,高
465,160418,高
466,49042,中
467,49927,中
468,33217,低
469,51826,中
470,36363,低
471,168337,高
472,55488,中
473,67870,中
474,79249,高
475,187722,高
476,93820,高
477,43441,中
478,139843,高
479,42617,中
480,88513,高
481,6912,低
482,67417,中
483,16074,低
484,45976,中
485,38660,低
486,27619,低
487,85645,高
488,39906,低
489,70525,中
490,2440,低
491,72482,中
492,38914,低
493,61984,中
494,52698,中
495,30697,低
496,36434,低
497,48623,中
498,9066,低
499,11080,低
500,229281,高
501,56495,中
502,57332,中
503,63336,中
504,200,低
505,127451,高
506,114331,高
507,1051,低
508,59117,中
509,56168,中
511,102766,高
512,101441,高
513,20170,低
514,71091,中
515,10740,低
516,85081,高
517,167822,高
518,87311,高
519,34706,低
520,68460,中
521,170721,高
522,815,低
523,36015,低
524,15931,低
525,82011,高
526,21573,低
527,21021,低
528,40107,低
529,25415,低
530,99982,高
531,45747,中
532,171512,高
533,88533,高
534,22937,低
535,73706,高
536,48528,中
537,13182,低
538,70344,中
539,12496,低
540,41681,中
541,55972,中
542,63413,中
543,44153,中
544,90437,高
545,114854,高
546,101935,高
547,76100,高
548,47409,中
549,140747,高
550,25550,低
551,55902,中
552,122078,高
553,30944,低
554,59662,中
555,32507,低
556,145159,高
557,47612,中
558,3335,低
559,33174,低
560,62208,中
561,62422,中
562,33224,低
563,69343,中
564,74002,高
565,99341,高
566,57243,中
567,53808,中
568,39297,低
569,98687,高
570,106303,高
571,80374,高
572,63929,中
573,51533,中
574,42740,中
575,95131,高
576,6144,低
577,11961,低
578,85498,高
579,58272,中
580,131932,高
581,25726,低
582,37088,低
583,25542,低
584,12068,低
585,62390,中
586,55707,中
587,17525,低
588,138575,高
589,82895,高
590,23693,低
591,149381,高
592,55016,中
593,22677,低
594,55419,中
595,17235,低
596,76115,高
597,16295,低
598,89035,高
599,58072,中
600,54284,中
601,122513,高
602,91124,高
603,87986,高
604,81292,高
605,64908,中
606,47071,中
607,26480,低
608,91497,高
609,103861,高
610,15546,低
611,75203,高
612,35470,低
613,72041,中
614,74092,高
615,51912,中
616,13925,低
617,66492,中
618,106440,高
619,118678,高
620,102629,高
621,34293,低
622,104701,高
623,62228,中
624,60428,中
625,107435,高
626,81391,高
627,23890,低
628,27224,低
629,36082,低
630,79278,高
631,22144,低
632,17262,低
633,109727,高
634,22125,低
635,23219,低
636,162374,高
637,15218,低
638,10808,低
639,20711,低
640,5562,低
641,41362,中
642,65824,中
643,28303,低
644,48419,中
645,64235,中
646,89280,高
647,20742,低
648,55501,中
649,79361,高
650,61973,中
651,61463,中
652,9197,低
653,91259,高
654,48739,中
655,77389,高
656,114524,高
657,67173,中
658,123857,高
659,97416,高
660,16728,低
661,121606,高
662,30552,低
663,85568,高
664,99634,高
665,16233,低
666,10348,低
667,146389,高
668,69870,中
669,57541,中
670,109834,高
671,41009,低
672,37380,低
673,55113,中
674,61319,中
675,163767,高
676,17529,低
677,100443,高
678,63035,中
679,77942,高
680,151301,高
681,31112,低
682,35637,低
683,21024,低
684,52394,中
685,67688,中
686,39898,低
687,50927,中
688,35388,低
689,48546,中
690,62938,中
691,123032,高
692,12582,低
693,43579,中
694,34570,低
695,13690,低
696,66710,中
697,15622,低
698,94428,高
699,8355,低
700,37046,低
701,48489,中
702,113994,高
703,103411,高
704,59913,中
705,63311,中
706,84522,高
707,186375,高
708,66580,中
709,39414,低
710,18927,低
711,100343,高
712,68088,中
713,36838,低
714,119542,高
715,117661,高
716,67595,中
717,12660,低
718,37020,低
719,61148,中
720,66027,中
721,16152,低
722,106273,高
723,40205,低
724,50346,中
725,81649,高
726,73279,高
727,93724,高
728,110023,高
729,43257,中
730,30494,低
731,27879,低
732,83248,高
733,114754,高
734,62165,中
736,90940,高
737,39186,低
738,44065,中
739,101293,高
740,21042,低
741,63571,中
742,8638,低
743,6006,低
744,124571,高
745,82160,高
746,63715,中
747,81026,高
748,38719,低
749,103982,高
750,14373,低
751,23447,低
752,51973,中
753,115798,高
754,11484,低
755,16449,低
756,91807,高
757,91986,高
758,36642,低
759,147850,高
760,38232,低
761,156743,高
762,21108,低
763,16189,低
764,44154,中
765,72838,中
766,5574,低
767,28855,低
768,20050,低
769,59105,中
770,27366,低
771,80064,高
772,20707,低
773,112892,高
774,30204,低
775,61679,中
776,152014,高
777,17080,低
778,45278,中
779,53453,中
780,83181,高
781,127888,高
782,162341,高
783,57310,中
784,79039,高
785,27943,低
786,59911,中
787,73117,中
788,69191,中
789,43165,中
790,75577,高
791,65693,中
792,59914,中
793,98541,高
794,110710,高
795,63078,中
796,35828,低
797,88557,高
798,33645,低
799,16948,低
800,12852,低
